Name,Discription,Traffic,DA,Link
Postmake,Curated tools and resources for your next project,Traffic: 39.1K/m,DA: 25,https://postmake.io/
SoftwareWorld,Software Review Site,Traffic: 42.2K/m,DA: 38,https://www.softwareworld.co/
The Dots,A platform for creative professionals to network.,Traffic: 370K/m,DA: 62,https://the-dots.com/
Pinterest,Image sharing and social media service,Traffic: 1.3B/m,DA: 94,https://www.pinterest.com/
NoCodeList,Find NoCode Software,Traffic: 40.4K/m,DA: 23,https://nocodelist.co/
ChamberofCommerce.com,The Online Business Community,Traffic: 1.4M/m,DA: 64,https://www.chamberofcommerce.com/
Business ToolVault,Business Tools Directory,Traffic: 8.2K/m,DA: 3,https://businesstoolvault.com/
Manta,Business directory with listings and reviews.,Traffic: 2.5M/m,DA: 81,https://www.manta.com/
DEV Community,DEV Community,Traffic: 11.5M/m,DA: 83,https://dev.to/
Awesome Indie,Trending Micro Startups & Products,Traffic: 22.5K/m,DA: 17,https://awesomeindie.com/
Springwise,Early access to the ideas transforming our world,Traffic: 57.6K/m,DA: 75,https://www.springwise.com/
SoftwareSupp,"The Agency of the Future, on-demand",Traffic: 30.3K/m,DA: 28,https://softwaresupp.com/
Bluesky,Microblogging social platform,Traffic: 29.7M/m,DA: 68,https://bsky.app/
Flickr,Find your inspiration.,Traffic: 53.8M/m,DA: 92,https://www.flickr.com/
BizToBiz.org,Business & Business Services Directory,Traffic: 7.2K/m,DA: 25,https://www.biztobiz.org/
Enests.co,Make Your Business Fly,Traffic: 18.4K/m,DA: 19,https://enests.co/
SaaSworthy,Top Business Software and Reviews,Traffic: 483.7K/m,DA: 39,https://www.saasworthy.com/
FreeListingUSA,Free local business listing site USA,Traffic: 21.2K/m,DA: 43,https://www.freelistingusa.com/
GetByte,Power your Startup,Traffic: 12.6K/m,DA: 6,https://www.getbyte.tech/
Launched!,Discover what has been launched today,Traffic: 32.8K/m,DA: 20,https://launched.io/
Citymapia,End To End Web & Enterprise Solutions,Traffic: 23K/m,DA: 24,https://www.citymapia.com/
WIP,A community of makers,Traffic: 78.8K/m,DA: 37,https://wip.co/
YourStory,A platform for showcasing startup stories.,Traffic: 3.2M/m,DA: 87,https://yourstory.com/companies
Top Tools by Robin Good,Top free tools for online communication professionals,Traffic: 5.6K/m,DA: 33,https://tools.robingood.com/
MicroStartups.co,Discover trending micro-startups today,Traffic: <1/m,DA: 11,https://www.microstartups.co/
GitLab,The most-comprehensive AI-powered DevSecOps platform,Traffic: 2.3M/m,DA: 92,https://gitlab.com/
Land-book,Website design inspiration gallery,Traffic: 272.7K/m,DA: 46,https://land-book.com/
Dev Resources,A Collaborative List Of 700+ Resources For Developers,Traffic: 42.2K/m,DA: 21,https://devresourc.es/
Dev Pages,The developer tools directory.,Traffic: 18K/m,DA: 7,https://www.devpages.io/
StartupStage,StartupStage is a platform to showcase your startup,Traffic: 28.4K/m,DA: 11,https://startupstage.app/
CityPages.Pro,Local Business Directory,Traffic: 13.2K/m,DA: 20,https://citypages.pro/
Lettergrowth,Find newsletters who want to do cross promotions,Traffic: 4.2K/m,DA: 15,https://lettergrowth.com/
ToolsPedia,Browse Hundreds of AI Tools,Traffic: 59.9K/m,DA: 15,https://www.toolspedia.io/
Patreon,Patreon is a monetization platforms for content creators.,Traffic: 100.2M/m,DA: 92,https://www.patreon.com/
Brandfetch,Brandfetch is the home for the world__ brands.,Traffic: 227.5K/m,DA: 27,https://brandfetch.com/
Partner Optimizer,"AI Data-Driven B2B Partner Discovery,",Traffic: 10.6K/m,DA: 18,https://partneroptimizer.com/
Startup Dope,Early-Stage Startup & Technology News Magazine,Traffic: 18.5K/m,DA: 32,https://startupdope.com/
SaaSworthy,Top Business Software and Reviews,Traffic: 483.7K/m,DA: 39,https://www.saasworthy.com/
Webwiki,Search Engine with Reviews of Websites,Traffic: 48.3K/m,DA: 53,https://www.webwiki.com/
GitLab,The most-comprehensive AI-powered DevSecOps platform,Traffic: 2.3M/m,DA: 92,https://gitlab.com/
NoCodeDevs,Community and resources for no-code development.,Traffic: 40.8K/m,DA: 22,https://www.nocodedevs.com/
AffordHunt,Discover Affordable AI & SaaS Alternatives,Traffic: 28.5K/m,DA: 15,https://www.affordhunt.com/
Gartner,"Delivering Actionable, Objective Insight to Executives and Their Teams",Traffic: 2.9M/m,DA: 91,https://www.gartner.com/
One Page Love,One Page Website Inspiration and Templates,Traffic: 333.5K/m,DA: 57,https://onepagelove.com/
Callupcontact,Business Listing and Local Marketing Service,Traffic: 110.1K/m,DA: 53,https://www.callupcontact.com/
Startup Resources,The Best Tools For Your Startup,Traffic: 36.1K/m,DA: 38,https://startupresources.io/
Addonbiz,Local Business Directory,Traffic: 12.2K/m,DA: 37,https://www.addonbiz.com/
Launched!,Discover what has been launched today,Traffic: 32.8K/m,DA: 20,https://launched.io/
BizBangBoom,Best Business Directory,Traffic: 32.5K/m,DA: 33,https://www.bizbangboom.com/
Yellow Place,Yellow.Place is a global business director,Traffic: 38.2K/m,DA: 53,https://yellow.place/
Startup Roulette,Startup Roulette,Traffic: 5.6K/m,DA: 9,https://startuproulette.com/
SaaStr,"B2B SaaS Training, Events & More to Scale Your Business",Traffic: 216.6K/m,DA: 63,https://www.saastr.com/
The Org,Explore the world__ biggest network of public org charts,Traffic: 3.3M/m,DA: 56,https://theorg.com/
SlideShare,Share & Discover Presentations,Traffic: 73.6M/m,DA: 95,https://www.slideshare.net/
NextBigWhat,"AI Products, News, Insights",Traffic: 58.5K/m,DA: 55,http://nextbigwhat.com/
AppAgg,"Find Apps, Games, Discounts, Lists, Search, RSS+",Traffic: 448.2K/m,DA: 52,https://appagg.com/
Resource.fyi,Resource hub for startups and entrepreneurs.,Traffic: 15.1K/m,DA: 16,https://resource.fyi/
FreeListingIndia,Indian local business listing site,Traffic: 19.8K/m,DA: 37,https://www.freelistingindia.in/
twelve.tools,twelve.tools,Traffic: 4.8K/m,DA: 4,https://twelve.tools/
Place123.net,We find all places,Traffic: 51.3K/m,DA: 47,http://www.place123.net/
Zumvu,"Digital Marketing Tools, Growth Marketing Platform",Traffic: 45K/m,DA: 54,https://zumvu.com/
HubPages,A platform for publishing articles and content.,Traffic: 2M/m,DA: 92,https://hubpages.com/
SourceForge,Open-source software repository and community.,Traffic: 21.3M/m,DA: 93,https://sourceforge.net/
AppRater,"Awesome apps, every single day. Since 2011",Traffic: 23.5K/m,DA: 15,https://apprater.net/
Trendy Startups,Discover startups and blogging.,Traffic: 5.2K/m,DA: 17,https://trendystartups.com/
Webwiki,Search Engine with Reviews of Websites,Traffic: 48.3K/m,DA: 53,https://www.webwiki.com/
E27,Connecting you to Asia__ Startup and Tech Ecosystem,Traffic: 128.8K/m,DA: 71,https://e27.co/
Postmake,Curated tools and resources for your next project,Traffic: 39.1K/m,DA: 25,https://postmake.io/
Tool Finder,"Productivity Tools Reviews, Guides & News",Traffic: 409.7K/m,DA: 28,https://toolfinder.co/
MyOpportunity,Job Search Site,Traffic: 46.2K/m,DA: 50,https://www.myopportunity.com/
WhoDoYou,Local businesses recommended on social media,Traffic: 152.3K/m,DA: 45,https://www.whodoyou.com/
SaaS Surf,"Curating tools for developers, designers, and makers",Traffic: 18.4K/m,DA: 9,https://saassurf.com/
GetApp,"Business Software, Reviews & Comparisons",Traffic: 1.8M/m,DA: 60,http://getapp.com/
AppSumo,Browse software deals for your business,Traffic: 3.2M/m,DA: 62,https://appsumo.com/
BubbleLife,The Only Modern Local Newspaper Read & Shaped by Your Community,Traffic: 58.5K/m,DA: 54,https://www.bubblelife.com/
StartupStage,StartupStage is a platform to showcase your startup,Traffic: 28.4K/m,DA: 11,https://startupstage.app/
Crazy About Startups,All about Startups & Entrepreneurship,Traffic: 25.6K/m,DA: 35,https://crazyaboutstartups.com/
SmartMoneyMatch,SmartMoneyMatch connects the global investment community,Traffic: 33.1K/m,DA: 33,https://www.smartmoneymatch.com/
Tool Finder,"Productivity Tools Reviews, Guides & News",Traffic: 409.7K/m,DA: 28,https://toolfinder.co/
10Words,Discover new apps and startups in 10 words or less,Traffic: 16.7K/m,DA: 20,https://10words.io/
Ecommerce Stack,Top List of Ecommerce Tools,Traffic: 5.4K/m,DA: 25,https://ecommerce-stack.com/
Gifyu,Free Image Hosting,Traffic: 791.6K/m,DA: 76,https://gifyu.com/
Startup Dope,Early-Stage Startup & Technology News Magazine,Traffic: 18.5K/m,DA: 32,https://startupdope.com/
Product Hunt,The best new products in tech.,Traffic: 4M/m,DA: 90,https://www.producthunt.com/
Prime Indies,Curated indie products,Traffic: 19.4K/m,DA: 10,https://primeindies.com/
TrustRadius,A Platform for gathering customer reviews and ratings.,Traffic: 932.5K/m,DA: 70,https://www.trustradius.com/
Crozdesk,Business Software Search,Traffic: 154.3K/m,DA: 48,https://crozdesk.com/
SaaSHub,Software Alternatives And Reviews,Traffic: 815.5K/m,DA: 39,https://www.saashub.com/
TechPluto,Latest Startup & Tech News,Traffic: 94.3K/m,DA: 40,https://www.techpluto.com/
Software Advice,Business Software Reviews from Software Advice,Traffic: 963.8K/m,DA: 66,https://www.softwareadvice.com/
Under1000MRR.tools,Showcase your early-stage products,Traffic: 2.8K/m,DA: 3,https://under1000mrr.tools/
Crunchbase,Discover innovative companies and the people behind them,Traffic: 7.7M/m,DA: 91,https://www.crunchbase.com/
HackerNoon,learn about any technology,Traffic: 2.3M/m,DA: 88,https://hackernoon.com/
B2BCO,Business Social Network,Traffic: 15.5K/m,DA: 27,https://www.b2bco.com/
Indie Hackers,Work Together to Build Profitable Online Businesses,Traffic: 849.8K/m,DA: 53,https://www.indiehackers.com/
Travelful.net,Locations People Love,Traffic: 8.4K/m,DA: 45,http://www.travelful.net/
Startups.watch,Turkish Startup Ecosystem Intelligence,Traffic: 14.2K/m,DA: 29,https://startups.watch/
Dev Hunt,The best new Dev Tools every day.,Traffic: 51.6K/m,DA: 21,https://devhunt.org/
Localmote,The Business Marketing Platform,Traffic: 21.8K/m,DA: 7,https://www.localmote.com/
TrustRadius,A Platform for gathering customer reviews and ratings.,Traffic: 932.5K/m,DA: 70,https://www.trustradius.com/
Startups List,Collections of the best startups in different places,Traffic: 25.7K/m,DA: 34,https://www.startups-list.com/
SuperPages,Find local businesses,Traffic: 14K/m,DA: 31,https://www.superpages.com.au/
Uneed.best,A launch platform for your products,Traffic: 55.3K/m,DA: 19,https://www.uneed.best/
CityPages.Pro,Local Business Directory,Traffic: 13.2K/m,DA: 20,https://citypages.pro/
Toools.design,"An archive of 1,500+ Design Resources",Traffic: 261.3K/m,DA: 25,https://www.toools.design/
Coindrop,Accept payments and donations 100% Free with Zero Fees,Traffic: 36.4K/m,DA: 27,https://coindrop.to/
Crozdesk,Business Software Search,Traffic: 154.3K/m,DA: 48,https://crozdesk.com/
Devpost,The home for hackathons,Traffic: 1.1M/m,DA: 83,https://devpost.com/
Changelog,Podcasts for developers,Traffic: 129.9K/m,DA: 53,https://changelog.com/
once.tools,Your guide to software,Traffic: 22.2K/m,DA: 15,https://once.tools/
SelectHub,Helps businesses select software solutions.,Traffic: 455.2K/m,DA: 50,https://www.selecthub.com/
AppRater,"Awesome apps, every single day. Since 2011",Traffic: 23.5K/m,DA: 15,https://apprater.net/
Awwwards,Best Web Design Trends,Traffic: 1.6M/m,DA: 72,https://www.awwwards.com/
iLib,"AI Directory With 4542 AI Tools, Products and Resources",Traffic: 9.4K/m,DA: 20,https://www.ilib.com/
Ko-fi,A platform for supporting creators through donations.,Traffic: 12.6M/m,DA: 81,https://ko-fi.com/
Enests.co,Make Your Business Fly,Traffic: 18.4K/m,DA: 19,https://enests.co/
Wellfound,Startup Job Search,Traffic: 6.1M/m,DA: 84,https://wellfound.com/
Solo.to,A platform for creating a unified online presence.,Traffic: 1.8M/m,DA: 78,https://solo.to/
Steemit,Blockchain-based blogging and social media website,Traffic: 5M/m,DA: 89,https://steemit.com/
AppAdvice,Latest iOS News And Reviews,Traffic: 1.3M/m,DA: 85,https://appadvice.com/
Betafy,Platform for beta testing startups.,Traffic: 24.2K/m,DA: 36,https://betafy.co/
Wellfound,Startup Job Search,Traffic: 6.1M/m,DA: 84,https://wellfound.com/
SmartMoneyMatch,SmartMoneyMatch connects the global investment community,Traffic: 33.1K/m,DA: 33,https://www.smartmoneymatch.com/
Awesome Indie,Trending Micro Startups & Products,Traffic: 22.5K/m,DA: 17,https://awesomeindie.com/
MyOpportunity,Job Search Site,Traffic: 46.2K/m,DA: 50,https://www.myopportunity.com/
Awesome Marketing Websites,A collection of awesome websites,Traffic: 15.5K/m,DA: 7,https://awesomemarketingwebsites.com/
Hotfrog,Get found online,Traffic: 40.4K/m,DA: 57,https://www.hotfrog.com/
Hand Picked Tools,Carefully Vetted Useful Tools,Traffic: 4.5K/m,DA: 13,https://handpickedtools.com/
Hackers Pad,"Software Alternatives,Reviews and Comparisions.",Traffic: 26.5K/m,DA: 12,https://hackerspad.net/
TechBehemoths,Top IT Companies for Your Projects,Traffic: 335.2K/m,DA: 30,https://techbehemoths.com/
Yellow Place,Yellow.Place is a global business director,Traffic: 38.2K/m,DA: 53,https://yellow.place/
Featured Customers,Find B2B & SaaS Software & Services,Traffic: 76.4K/m,DA: 48,https://www.featuredcustomers.com/
Dang.ai,AI Tools Directory,Traffic: 130.6K/m,DA: 35,https://dang.ai/
BharathListing.com,Business Directory/Yellow/SEO/Backlinks listing in India & USA/UK/UAE/Philippines/Singapore,Traffic: 15.8K/m,DA: 22,https://bharathlisting.com/
Akama,Business directory and marketplace.,Traffic: 26.9K/m,DA: 36,https://akama.com/
Findcool.tools,Coolest Tools On The Internet,Traffic: 24.4K/m,DA: 9,https://www.findcool.tools/
Business-Software.com,"Business Software Reviews of Accounting Software, CRM, ERP and More",Traffic: 124.4K/m,DA: 41,https://www.business-software.com/
TrustRadius,A Platform for gathering customer reviews and ratings.,Traffic: 932.5K/m,DA: 70,https://www.trustradius.com/
One Page Love,One Page Website Inspiration and Templates,Traffic: 333.5K/m,DA: 57,https://onepagelove.com/
GPTs Hunter,Discover GPT__,Traffic: 276.2K/m,DA: 22,https://www.gptshunter.com/
Digital Marketing Deal,Boost Online Presence,Traffic: 42.9K/m,DA: 57,https://digitalmarketingdeal.com/
HubPages,A platform for publishing articles and content.,Traffic: 2M/m,DA: 92,https://hubpages.com/
BetaList,Discover and get early access to tomorrow__ startups,Traffic: 151.7K/m,DA: 60,http://betalist.com/
Appvizer,Media and Software Comparison Tool for Professionals,Traffic: 55.3K/m,DA: 30,https://www.appvizer.com/
UniqueThis,A social network for unique people and their unique things.,Traffic: 19.2K/m,DA: 46,https://uniquethis.com/
CityPages.Pro,Local Business Directory,Traffic: 13.2K/m,DA: 20,https://citypages.pro/
GetListedUAE,Free local business listing site UAE,Traffic: 17.6K/m,DA: 34,https://www.getlisteduae.com/
Hackers Pad,"Software Alternatives,Reviews and Comparisions.",Traffic: 26.5K/m,DA: 12,https://hackerspad.net/
Makerlog,"Build, learn and grow in public on Makerlog",Traffic: 45.7K/m,DA: 34,https://getmakerlog.com/
Buy Me a Coffee,Platform for supporting creators through coffee donations.,Traffic: 5.4M/m,DA: 80,https://www.buymeacoffee.com/
MicroStartups.co,Discover trending micro-startups today,Traffic: <1/m,DA: 11,https://www.microstartups.co/
Listly,Lists made social,Traffic: 189K/m,DA: 87,https://list.ly/
Merchant Circle,"Deals, Quotes, Coupons, Advice from Local Merchants",Traffic: 589.4K/m,DA: 77,https://www.merchantcircle.com/
Indie Hackers,Work Together to Build Profitable Online Businesses,Traffic: 849.8K/m,DA: 53,https://www.indiehackers.com/
Curated Design,Curated web design inspiration catalog,Traffic: 91.5K/m,DA: 21,https://www.curated.design/
Startup Tracker,Discover and track startups from MVP to IPO,Traffic: 14.8K/m,DA: 34,https://startuptracker.io/
AppsTimes |,A platform for app reviews and news.,Traffic: 6K/m,DA: 27,https://appstimes.in/
Enests.co,Make Your Business Fly,Traffic: 18.4K/m,DA: 19,https://enests.co/
Build in Public,#buildinpublic,Traffic: 3.4K/m,DA: 7,https://buildinpublic.page/
eBusinessPages,USA Business Directory,Traffic: 16.4K/m,DA: 56,https://ebusinesspages.com/
addYP.com,Your Local Business Directory!,Traffic: 34.7K/m,DA: 32,https://addyp.com/
MyOpportunity,Job Search Site,Traffic: 46.2K/m,DA: 50,https://www.myopportunity.com/
Startup Buffer,Promote Your Startup/Discover New Startups,Traffic: 42.1K/m,DA: 44,https://startupbuffer.com/
companylistingnyc.com,Company Listings NYC,Traffic: 10.3K/m,DA: 41,https://companylistingnyc.com/
GetListedUAE,Free local business listing site UAE,Traffic: 17.6K/m,DA: 34,https://www.getlisteduae.com/
Internet Is Beautiful,Discover The Most Interesting Websites,Traffic: 13.8K/m,DA: 10,https://www.internetisbeautiful.com/
Webdesigner News,Webdesigner News,Traffic: 22.5K/m,DA: 42,https://www.webdesignernews.com/
SaasProjects,SaasProjects is a curated list of the best SaaS products,Traffic: 12.5K/m,DA: 4,https://www.saasprojects.com/
Zipleaf.us,United States Business Directory,Traffic: 14K/m,DA: 34,https://www.zipleaf.us/
Workspaces,Explore the workspaces of creative individuals,Traffic: 29K/m,DA: 28,https://www.workspaces.xyz/
Travelful.net,Locations People Love,Traffic: 8.4K/m,DA: 45,http://www.travelful.net/
HR Software List,Top Ranked Solutions for Businesses,Traffic: 3.1K/m,DA: 5,https://allhrsoftware.com/
BetaList,Discover and get early access to tomorrow__ startups,Traffic: 151.7K/m,DA: 60,http://betalist.com/
SnapMunk,Technology Trends and Startup Culture,Traffic: 19.4K/m,DA: 50,https://www.snapmunk.com/
Appvizer,Media and Software Comparison Tool for Professionals,Traffic: 55.3K/m,DA: 30,https://www.appvizer.com/
AppVita,Discovering web-based applications that just make life better,Traffic: 22.4K/m,DA: 32,http://www.appvita.com/
Digital Marketing Deal,Boost Online Presence,Traffic: 42.9K/m,DA: 57,https://digitalmarketingdeal.com/
F6S,"F6S connects 5m founders and startups to funding, jobs & free hosting deals",Traffic: 1.9M/m,DA: 73,https://www.f6s.com/
Hotfrog,Get found online,Traffic: 40.4K/m,DA: 57,https://www.hotfrog.com/
WhatsYourHours.com Directory,List Your Business For FREE,Traffic: 42.7K/m,DA: 32,https://www.whatsyourhours.com/
Locable,Turn 15 Minutes Into Effective Local Marketing,Traffic: 33.2K/m,DA: 37,https://www.locable.com/
BizToBiz.org,Business & Business Services Directory,Traffic: 7.2K/m,DA: 25,https://www.biztobiz.org/
AppRater,"Awesome apps, every single day. Since 2011",Traffic: 23.5K/m,DA: 15,https://apprater.net/
Land-book,Website design inspiration gallery,Traffic: 272.7K/m,DA: 46,https://land-book.com/
WIP,A community of makers,Traffic: 78.8K/m,DA: 37,https://wip.co/
SaaSworthy,Top Business Software and Reviews,Traffic: 483.7K/m,DA: 39,https://www.saasworthy.com/
Addonbiz,Local Business Directory,Traffic: 12.2K/m,DA: 37,https://www.addonbiz.com/
Build in Public,#buildinpublic,Traffic: 3.4K/m,DA: 7,https://buildinpublic.page/
The Org,Explore the world__ biggest network of public org charts,Traffic: 3.3M/m,DA: 56,https://theorg.com/
AI & SaaS Tools Directory,AI & SaaS Tools Directory,Traffic: 1.6K/m,DA: 12,https://appsandwebsites.com/
Slant.co,PRODUCT RANKINGS FOR ALL YOUR SHOPPING NEEDS,Traffic: 543.9K/m,DA: 57,https://www.slant.co/
Resource.fyi,Resource hub for startups and entrepreneurs.,Traffic: 15.1K/m,DA: 16,https://resource.fyi/
GetApp,"Business Software, Reviews & Comparisons",Traffic: 1.8M/m,DA: 60,http://getapp.com/
Google Business,Google Business Profile,Traffic: 85.5B/m,DA: 100,https://www.google.com/business/
Joinly,The latest tech startups and products,Traffic: 6.4K/m,DA: 15,https://www.joinly.xyz/
StartUs,Connecting the european startup community,Traffic: 52.3K/m,DA: 53,https://www.startus.cc/
Buy Me a Coffee,Platform for supporting creators through coffee donations.,Traffic: 5.4M/m,DA: 80,https://www.buymeacoffee.com/
IndieLogs,Stand out as a Solopreneur,Traffic: 6.8K/m,DA: 6,https://www.indielogs.com/
SourceForge,Open-source software repository and community.,Traffic: 21.3M/m,DA: 93,https://sourceforge.net/
Getworm,"Discover latest products & services from startups,",Traffic: 3.1K/m,DA: 29,https://getworm.com/
Cuspera,Right Software solutions for your Business Needs Group 5 Group 6,Traffic: 96.2K/m,DA: 28,https://www.cuspera.com/
Business-Software.com,"Business Software Reviews of Accounting Software, CRM, ERP and More",Traffic: 124.4K/m,DA: 41,https://www.business-software.com/
The Hub,Find your next exciting startup job,Traffic: 505.3K/m,DA: 52,https://startupmatcher.com/
Spaceleads,B2B Lead Generation and Client Acquisition,Traffic: 6.7K/m,DA: 11,https://www.spaceleads.pro/
Indie Hackers,Work Together to Build Profitable Online Businesses,Traffic: 849.8K/m,DA: 53,https://www.indiehackers.com/
SmartMoneyMatch,SmartMoneyMatch connects the global investment community,Traffic: 33.1K/m,DA: 33,https://www.smartmoneymatch.com/
The Dots,A platform for creative professionals to network.,Traffic: 370K/m,DA: 62,https://the-dots.com/
GetByte,Power your Startup,Traffic: 12.6K/m,DA: 6,https://www.getbyte.tech/
Startup inspiration,Inspiration gallery for startups,Traffic: 40.1K/m,DA: 29,https://www.startupinspire.com/
Sortlist,A platform for finding marketing agencies.,Traffic: 466.4K/m,DA: 47,https://www.sortlist.com/
eBusinessPages,USA Business Directory,Traffic: 16.4K/m,DA: 56,https://ebusinesspages.com/
BizToBiz.org,Business & Business Services Directory,Traffic: 7.2K/m,DA: 25,https://www.biztobiz.org/
BufferApps,A SaaS Launchpad,Traffic: 25.2K/m,DA: 43,https://www.bufferapps.com/
Porch,Find the Best Rated Local Home Improvement Professionals,Traffic: 404.1K/m,DA: 78,https://porch.com/
Startup Dope,Early-Stage Startup & Technology News Magazine,Traffic: 18.5K/m,DA: 32,https://startupdope.com/
GPTs Hunter,Discover GPT__,Traffic: 276.2K/m,DA: 22,https://www.gptshunter.com/
Startup Resources,The Best Tools For Your Startup,Traffic: 36.1K/m,DA: 38,https://startupresources.io/
HackerNoon,learn about any technology,Traffic: 2.3M/m,DA: 88,https://hackernoon.com/
Crunchbase,Discover innovative companies and the people behind them,Traffic: 7.7M/m,DA: 91,https://www.crunchbase.com/
Startup Buffer,Promote Your Startup/Discover New Startups,Traffic: 42.1K/m,DA: 44,https://startupbuffer.com/
TrustRadius,A Platform for gathering customer reviews and ratings.,Traffic: 932.5K/m,DA: 70,https://www.trustradius.com/
Goodreads,Meet your next favorite book,Traffic: 112M/m,DA: 93,https://www.goodreads.com/
All Startups Info,Directory of startups and business resources.,Traffic: 17.1K/m,DA: 21,http://www.allstartups.info/
SuperPages,Find local businesses,Traffic: 14K/m,DA: 31,https://www.superpages.com.au/
SideProjectors,"Sell, buy, show off your side projects",Traffic: 52.6K/m,DA: 45,https://www.sideprojectors.com/
Wewaat,Explore the Largest Collection of No-Code Tools,Traffic: 32.7K/m,DA: 8,https://www.wewaat.com/
Invest in startups,A platform for discovering and investing in startups.,Traffic: 88.9K/m,DA: 57,https://startupxplore.com/
CabinetM,Martech Stack Management and Discovery,Traffic: 107.3K/m,DA: 37,https://www.cabinetm.com/
Buy Me a Coffee,Platform for supporting creators through coffee donations.,Traffic: 5.4M/m,DA: 80,https://www.buymeacoffee.com/
SoftwareWorld,Software Review Site,Traffic: 42.2K/m,DA: 38,https://www.softwareworld.co/
GetListedUAE,Free local business listing site UAE,Traffic: 17.6K/m,DA: 34,https://www.getlisteduae.com/
SelectHub,Helps businesses select software solutions.,Traffic: 455.2K/m,DA: 50,https://www.selecthub.com/
NoCodeList,Find NoCode Software,Traffic: 40.4K/m,DA: 23,https://nocodelist.co/
CityPages.Pro,Local Business Directory,Traffic: 13.2K/m,DA: 20,https://citypages.pro/
Findcool.tools,Coolest Tools On The Internet,Traffic: 24.4K/m,DA: 9,https://www.findcool.tools/
EnrollBusiness,Directory of Local Business Profiles in USA.,Traffic: 8.9K/m,DA: 52,https://enrollbusiness.com/
Yellow Place,Yellow.Place is a global business director,Traffic: 38.2K/m,DA: 53,https://yellow.place/
Postmake,Curated tools and resources for your next project,Traffic: 39.1K/m,DA: 25,https://postmake.io/
Aitoolslink,Discover the latest digital products first,Traffic: 1.4K/m,DA: 6,http://aitoolslink.com/
Trendy Startups,Discover startups and blogging.,Traffic: 5.2K/m,DA: 17,https://trendystartups.com/
Slant.co,PRODUCT RANKINGS FOR ALL YOUR SHOPPING NEEDS,Traffic: 543.9K/m,DA: 57,https://www.slant.co/
Issuu,Create Interactive Flipbooks,Traffic: 33.7M/m,DA: 94,https://issuu.com/
GitLab,The most-comprehensive AI-powered DevSecOps platform,Traffic: 2.3M/m,DA: 92,https://gitlab.com/
Gumroad,Sell what you know and see what sticks,Traffic: 24.8M/m,DA: 91,https://gumroad.com/
Listly,Lists made social,Traffic: 189K/m,DA: 87,https://list.ly/
InventList,Explore Hand-Curated Future AI Products,Traffic: 11.7K/m,DA: 4,https://inventlist.com/
G2,A platform for reviews and comparisons of software and services.,Traffic: 4.3M/m,DA: 81,https://www.g2.com/
iLib,"AI Directory With 4542 AI Tools, Products and Resources",Traffic: 9.4K/m,DA: 20,https://www.ilib.com/
GetByte,Power your Startup,Traffic: 12.6K/m,DA: 6,https://www.getbyte.tech/
Clutch,Ratings and reviews platform for service providers.,Traffic: 1.6M/m,DA: 69,https://clutch.co/
SaaSGenius,Find the Best Value SaaS Products On the Market 2024,Traffic: 125.3K/m,DA: 41,https://www.saasgenius.com/
Internet Is Beautiful,Discover The Most Interesting Websites,Traffic: 13.8K/m,DA: 10,https://www.internetisbeautiful.com/
Serchen,Business Software Reviews & Buying Advice,Traffic: 177.5K/m,DA: 49,https://www.serchen.com/
G2,A platform for reviews and comparisons of software and services.,Traffic: 4.3M/m,DA: 81,https://www.g2.com/
Ecommerce Stack,Top List of Ecommerce Tools,Traffic: 5.4K/m,DA: 25,https://ecommerce-stack.com/
Google Business,Google Business Profile,Traffic: 85.5B/m,DA: 100,https://www.google.com/business/
SaaSGenius,Find the Best Value SaaS Products On the Market 2024,Traffic: 125.3K/m,DA: 41,https://www.saasgenius.com/
StartupTile,"Discover Startup Launches from all over the web, Everyday",Traffic: 3.7K/m,DA: 9,https://startuptile.com/
Featured Customers,Find B2B & SaaS Software & Services,Traffic: 76.4K/m,DA: 48,https://www.featuredcustomers.com/
Buy Me a Coffee,Platform for supporting creators through coffee donations.,Traffic: 5.4M/m,DA: 80,https://www.buymeacoffee.com/
CSS Light,CSS Light is a stunning platform to showcase website,Traffic: 24.7K/m,DA: 45,https://www.csslight.com/
Startup Dope,Early-Stage Startup & Technology News Magazine,Traffic: 18.5K/m,DA: 32,https://startupdope.com/
HubPages,A platform for publishing articles and content.,Traffic: 2M/m,DA: 92,https://hubpages.com/
Listly,Lists made social,Traffic: 189K/m,DA: 87,https://list.ly/
Startupguys.net,Helping You Start and Grow Your Small Business,Traffic: 36.1K/m,DA: 39,https://www.startupguys.net/
Locable,Turn 15 Minutes Into Effective Local Marketing,Traffic: 33.2K/m,DA: 37,https://www.locable.com/
Sidebar.io,A website that features a text typeface,Traffic: 55.3K/m,DA: 45,https://sidebar.io/
The Dots,A platform for creative professionals to network.,Traffic: 370K/m,DA: 62,https://the-dots.com/
Patreon,Patreon is a monetization platforms for content creators.,Traffic: 100.2M/m,DA: 92,https://www.patreon.com/
IndieMaker,A community for Indie Makers with daily update reminders.,Traffic: 3.9K/m,DA: 11,https://indiemaker.space/
Awwwards,Best Web Design Trends,Traffic: 1.6M/m,DA: 72,https://www.awwwards.com/
Spaceleads,B2B Lead Generation and Client Acquisition,Traffic: 6.7K/m,DA: 11,https://www.spaceleads.pro/
Startup Tracker,Discover and track startups from MVP to IPO,Traffic: 14.8K/m,DA: 34,https://startuptracker.io/
Startup Roulette,Startup Roulette,Traffic: 5.6K/m,DA: 9,https://startuproulette.com/
Google Business,Google Business Profile,Traffic: 85.5B/m,DA: 100,https://www.google.com/business/
WIP,A community of makers,Traffic: 78.8K/m,DA: 37,https://wip.co/
PeerSpot,Buying Intelligence and Reviews for Enterprise Technology,Traffic: 225.4K/m,DA: 50,https://www.peerspot.com/
Trustpilot Business,Collect Customer Service & Product Reviews,Traffic: 850.5K/m,DA: 93,https://business.trustpilot.com/
Make.rs,Show the world what you__e done with a simple page.,Traffic: 14.8K/m,DA: 33,https://make.rs/
Flickr,Find your inspiration.,Traffic: 53.8M/m,DA: 92,https://www.flickr.com/
Partner Optimizer,"AI Data-Driven B2B Partner Discovery,",Traffic: 10.6K/m,DA: 18,https://partneroptimizer.com/
Citymapia,End To End Web & Enterprise Solutions,Traffic: 23K/m,DA: 24,https://www.citymapia.com/