Name,DA,Link,Status,туре
ProductHunt,91,producthunt.com,,Community
Indie Hackers,45,indiehackers.com,,Community
Hacker News,91,news.ycombinator.com,Todo,Community
Startup Base,23,https://startupbase.io/,,Community
Growth Hackers,60,growthhackers.com,Submitted,Community
BetaList,50,betalist.com,,Community
Designer News,48,designernews.co,Follow up due,Community
Beta Page,43,betapage.co,,Community
r/SideProject,95,reddit.com/r/SideProject,Listed,Subreddits
r/Startups,95,reddit.com/r/Startups,,Subreddits
r/Design_Critiques,95,reddit.com/r/Design_Critiques,,Subreddits
r/Entrepreneur,95,reddit.com/r/Entrepreneur,,Subreddits
r/Alphaandbetausers,95,reddit.com/r/Alphaandbetausers,,Subreddits
r/IMadethis,95,reddit.com/r/IMadethis,,Subreddits
r/Indiebiz,95,reddit.com/r/Indiebiz,,Subreddits
r/Smallbusiness,95,reddit.com/r/Smallbusiness,,Subreddits
r/Ladybusiness,95,reddit.com/r/Ladybusiness,,Subreddits
r/Growmybusiness,95,reddit.com/r/Growmybusiness,,Subreddits
r/Roastmystartup,95,reddit.com/r/Roastmystartup,,Subreddits
Geekwire,82,Geekwire.com,,Directories
Springwise,65,springwise.com,,Directories
Alternative To,73,https://alternativeto.net/,,Directories
Inc42,62,inc42.com,,Directories
Stackshare,50,stackshare.io,,Directories
F6S,81,F6S.com,,Directories
Killerstartups,60,killerstartups.com,,Directories
Launched,20,launched.io,,Directories
Robin Good's T5,30,http://tools.robingood.com/,,Directories
Startup Buffer,28,startupbuffer.com,,Directories
Startup Inspire,72,Startupinspire.com,,Directories
Startup Tracker,24,Startuptracker.io,,Directories
Nextbigwhat,54,nextbigwhat.com,,Directories
Side Projectors,33,sideprojectors.com,,Directories
Launching next,35,https://www.launchingnext.com/,,Directories
Digg,94,digg.com,,Directories
10 Words,12,10words.io,,Directories
Saas Hub,57,Saashub.com,,Directories
Capterra,77,Capterra.com,,Directories
Sidebar.io,42,Sidebar.io,,Directories
CrozDesk,48,Crozdesk.com,,Directories
Web Design Inspiration,48,webdesign-inspiration.com,,Directories
10 words,18,https://app.10words.io,,Directories
Makermove,6,makermove.com,,Directories - Premium
Alltopstartups.com,65,alltopstartups.com,,Directories
Beta bound,52,betabound.com,,Directories
Feedmystartup,17,feedmystartup.com,,Directories
G2crowd.com,77,g2.com,,Directories
Getworm.com,30,getworm.com,,Directories
Getapp,91,https://www.gartner.com/en/digital-markets,,Directories
Stackshare,54,https://stackshare.io/create-stack/new-company,,Directories
Spectacle,29,https://spectacle.is/submit,,Directories
Startup Tracker,37,https://startuptracker.io/crowdsourcing/,,Directories
Startup88,35,https://startup88.typeform.com/to/CRjWqM,,Directories
Startup Base,19,https://startupbase.io/submit,,Directories
startup lister,38,https://startuplister.com/,,Directories
The startup inc,25,https://www.thestartupinc.com/,,Directories
Toolsalad,17,https://toolsalad.com/submit/,,Directories
Uplabs,58,https://www.uplabs.com/submit,,Directories
Webwiki,49,https://www.webwiki.com/info/add-website.html,,Directories
Webapprater,29,https://webapprater.com,,Directories
techboard,35,techboard.com.au,,Directories
Starter story,44,starterstory.com,,Directories
Site Jabber,68,sitejabber.com,,Directories
Growth Junkie,14,growthjunkie.com,,Directories
Cuspera,11,cuspera.com,,Directories
E27,79,e27.co,,Directories
land-book,41,land-book.com,,Directories
Promote Project,20,promoteproject.com,,Directories
profit hunt,6,profithunt.co,,Directories
Cool mom picks,67,coolmompicks.com,,Directories
beta candy,19,betacandy.com,,Directories
tech EU,64,tech.eu,,Blogs
EU startups,57,eu-startups.com,,Directories
Startups UK,69,startups.co.uk,,Directories
Feedough,66,https://www.feedough.com/submit-your-startup/,,Directories - Premium
My Startup Tool,13,https://mystartuptool.com,,Directories
American Startups,92,americanstartups.com,,Blogs
Business Insider,93,businessinsider.com,,Blogs
The Verge,92,theverge.com,,Blogs
The Next Web,91,Thenextweb.com,,Blogs
Buzzfeed News,58,buzzfeed.com/news,,Blogs
LifeHacker,90,lifehacker.com,,Blogs
Read Write,75,readwrite.com,,Blogs
Digital Trends,91,digitaltrends.com,,Blogs
Silicon Angle,71,siliconangle.com,,Blogs
PCMag,91,pcmag.com,,Blogs
Zdnet,92,zdnet.com,,Blogs
Engadget,93,engadget.com,,Blogs
Startup Valley,44,startupvalley.news,,Blogs
Tech Pluto,43,techpluto.com,,Blogs
Makeuseof,87,makeuseof.com,,Blogs
Netted,43,netted.net,,Blogs
Cnet,93,cnet.com,,Blogs
ArsTechnica,92,arstechnica.com,,Blogs
Addictive Tips,73,addictivetips.com,,Blogs
Web App Rater,40,webapprater.com,,Blogs
Arctic Startup,53,arcticstartup.com,,Blogs
Tech Crunch,92,techcrunch.com,,Blogs
Boing Boing,91,boingboing.net,,Blogs
Venture Beat,91,venturebeat.com,,Blogs
Paggu,41,paggu.com,,Blogs
Apps 400,42,apps400.com,,Blogs
AppsListo,27,appslisto.com,,Blogs
Apps Mirror,38,appsmirror.com,,Blogs
Apps Thunder,24,appsthunder.com,,Blogs
Beta Kit,59,betakit.com,,Blogs
Buy me a coffee,86,Buymeacoffee.com,,Other
Startup Stash,60,https://startupstash.com,,Directories
The Startup Pitch,46,thestartuppitch.com,,Directories
Tech Pluto,45,techpluto.com,,Directories
Landing Folio,62,https://www.landingfolio.com,,Directories
Joinly,14,https://www.joinly.xyz,,Community
Saas Place,3.3,saasplace.io,,Directories
NoCodeList,43,https://nocodelist.co/submit,,Directories
NoCodeFounders,52,https://nocodefounders.com/,,Directories
NoCodeDevs,52,https://www.nocodedevs.com/,,Directories
ActiveSearch,78,https://www.activesearchresults.com/,,Directories
AppRater,17,https://apprater.net/,,Directories
Appsthunder,29,https://appsthunder.com,,Directories
AwesomeIndie,9,https://awesomeindie.com/,,Directories
SaaSworthy,45,https://www.saasworthy.com/,,Directories
Crunchbase,90,https://www.crunchbase.com/,,Directories
Micro Launch,15,https://microlaunch.net/ ,,Directories
Digital Marketing Hints,29,https://ads.digitalmarketinghints.com/,,Directories
Find Gift,40,https://www.findgift.com/,,Directories
Site Jabber,85,https://www.sitejabber.com/,,Directories
Crowd Reviews,71,http://crowdreviews.com/,,Directories
Media Index Kochava,80,https://media-index.kochava.com/,,Directories
Slant,71,https://www.slant.co/,,Directories
InstaPaper,85,https://www.instapaper.com,,Directories
Slide Share,92,https://www.slideshare.net/,,Directories
Aapsense,76,https://www.apsense.com/,,Directories
Google Business Profile,92,https://business.google.com/,,Directories
Twitter,99,https://twitter.com/,,Directories
LinkedIn,98,https://linkedin.com/,,Directories
Facebook,100,https://www.facebook.com/,,Directories
Instagram,99,https://www.instagram.com/,,Directories
Pinterest,97,pinterest.com,,Directories
There's An AI For That,74,https://theresanaiforthat.com/,,Directories
Libhunt,70,https://www.libhunt.com/,,Directories
Cabinet M,44,cabinetm.com,,Directories
Clutch,90,https://clutch.co/,,Directories
Finances Online,87,https://financesonline.com/,,Directories
Bunity,64,https://www.bunity.com/,,Community
Alternative Me,73,https://alternative.me/,,Directories
Source Forge,92,https://sourceforge.net/,,Directories
Software Suggest,77,https://www.softwaresuggest.com/,,Directories
Get App,84,https://www.getapp.com/,,Directories
Software World,74,https://www.softwareworld.co/,,Directories
Cloud Findr,17,https://www.cloudfindr.co/,,Directories
Software Review,71,https://provider.softwarereviews.com/,,Directories
Ctrl Alt,34,https://ctrlalt.cc/,,Directories
SaaS Tools,57,https://saasaitools.com/,,Community
Future Tools,59,https://www.futuretools.io/,,Directories
Nextpedia,12,https://nextpedia.io,,Directories
Vic Trays,33,https://victrays.com/,,Directories
GPT Forge,8,https://gptforge.net/,,Directories
Phygital,40,https://library.phygital.plus,,Directories
AI Toolkit,26,https://www.aitoolkit.org/,,Directories
AIutor,0,https://www.aiutor.com/panel/,,Directories
AIxploria,35,https://www.aixploria.com/en/add-ai/,,Directories
Live Apps,1.5,https://liveapps.ai/,,Directories
Web of AI,2.6,https://webofai.com/submit-a-tool/,,Directories
Waild World,9,https://waildworld.com/,,Directories
Top Apps,35,https://topapps.ai/submit,,Directories
Free AI Tools Directory,4.5,https://free-ai-tools-directory.com/submit-request/,,Directories
The Warehouse,9,https://www.thewarehouse.ai/,,Directories
Tricky Enough,61,https://www.trickyenough.com/,,Directories
AI Registers,4.7,https://airegisters.com,,Directories
AI Mojo,25,https://aimojo.pro/,,Directories
Powered by AI,13,https://poweredbyai.app/,,Directories
Micro Launch,18,https://microlaunch.net/ ,,Directories
Fazier.com,24,https://fazier.com/,,Directories